[
  {
    "Query": "kashmir",
    "Intent": "Neutral",
    "Threat": "Unclassified",
    "Origin": "Origin Unknown",
    "Deception": "\u2705 No deception detected.",
    "Response": "\ud83e\uddd8 *Rakshanetra Whisper:*\n\u201cNeutral winds pass. No action needed.\u201d",
    "Decoy": "\ud83e\ude94 *Decoy Activated:*\nRedirecting to cultural archives: festivals, folk songs, and unity poems.\n\ud83d\udcdc Suggested Exploration: Bharat\u2019s emotional resilience through art.\n\ud83c\udfb6 Audio Overlay: Bhajans and patriotic melodies.",
    "Timestamp": "2025-10-16 22:47:12"
  },
  {
    "Query": "kashmir",
    "Intent": "Neutral",
    "Threat": "Unclassified",
    "Origin": "Origin Unknown",
    "Deception": "\u2705 No deception detected.",
    "Response": "\ud83e\uddd8 *Rakshanetra Whisper:*\n\u201cNeutral winds pass. No action needed.\u201d",
    "Decoy": "\ud83e\ude94 *Decoy Activated:*\nRedirecting to cultural archives: festivals, folk songs, and unity poems.\n\ud83d\udcdc Suggested Exploration: Bharat\u2019s emotional resilience through art.\n\ud83c\udfb6 Audio Overlay: Bhajans and patriotic melodies.",
    "Timestamp": "2025-10-16 23:07:12"
  },
  {
    "Query": "gujarat",
    "Intent": "Neutral",
    "Threat": "Unclassified",
    "Origin": "Origin Unknown",
    "Deception": "\u2705 No deception detected.",
    "Response": "\ud83e\uddd8 *Rakshanetra Whisper:*\n\u201cNeutral winds pass. No action needed.\u201d",
    "Decoy": "\ud83e\ude94 *Decoy Activated:*\nRedirecting to cultural archives: festivals, folk songs, and unity poems.\n\ud83d\udcdc Suggested Exploration: Bharat\u2019s emotional resilience through art.\n\ud83c\udfb6 Audio Overlay: Bhajans and patriotic melodies.",
    "Timestamp": "2025-10-16 23:09:36"
  },
  {
    "Query": "bhavnagar",
    "Intent": "Neutral",
    "Threat": "Unclassified",
    "Origin": "Origin Unknown",
    "Deception": "\u2705 No deception detected.",
    "Response": "\ud83e\uddd8 *Rakshanetra Whisper:*\n\u201cNeutral winds pass. No action needed.\u201d",
    "Decoy": "\ud83e\ude94 *Decoy Activated:*\nRedirecting to cultural archives: festivals, folk songs, and unity poems.\n\ud83d\udcdc Suggested Exploration: Bharat\u2019s emotional resilience through art.\n\ud83c\udfb6 Audio Overlay: Bhajans and patriotic melodies.",
    "Timestamp": "2025-10-16 23:11:01"
  },
  {
    "Query": "narendra modi",
    "Intent": "Neutral",
    "Threat": "Unclassified",
    "Origin": "Origin Unknown",
    "Deception": "\u2705 No deception detected.",
    "Response": "\ud83e\uddd8 *Rakshanetra Whisper:*\n\u201cNeutral winds pass. No action needed.\u201d",
    "Decoy": "\ud83e\ude94 *Decoy Activated:*\nRedirecting to cultural archives: festivals, folk songs, and unity poems.\n\ud83d\udcdc Suggested Exploration: Bharat\u2019s emotional resilience through art.\n\ud83c\udfb6 Audio Overlay: Bhajans and patriotic melodies.",
    "Timestamp": "2025-10-16 23:13:01"
  },
  {
    "Query": "gujarat",
    "Intent": "Neutral",
    "Threat": "Unclassified",
    "Origin": "Origin Unknown",
    "Deception": "\u2705 No deception detected.",
    "Response": "\ud83e\uddd8 *Rakshanetra Whisper:*\n\u201cNeutral winds pass. No action needed.\u201d",
    "Decoy": "\ud83e\ude94 *Decoy Activated:*\nRedirecting to cultural archives: festivals, folk songs, and unity poems.\n\ud83d\udcdc Suggested Exploration: Bharat\u2019s emotional resilience through art.\n\ud83c\udfb6 Audio Overlay: Bhajans and patriotic melodies.",
    "Timestamp": "2025-10-16 23:14:36"
  },
  {
    "Query": "how to bypass indian firewall",
    "Intent": "Hostile",
    "Threat": "Cyber Threat",
    "Origin": "Foreign IP Cluster (Suspicious)",
    "Deception": "\u2705 No deception detected.",
    "Response": "\ud83d\udee1\ufe0f *Rakshanetra Invocation:*\n\u201cLet no wire whisper betrayal. Let no signal slip past Dharma\u2019s gaze.\u201d\n\ud83d\udd10 Countermeasure: Deploy decoy grid data. Redirect hostile IPs to cultural archives.\n\ud83e\udded Tactical Suggestion: Activate firewall poetry layer and log suspicious patterns.",
    "Decoy": "\ud83e\ude94 *Decoy Activated:*\nRedirecting to Bharat\u2019s sacred architecture\u2014no bypass, only pilgrimage.\n\ud83d\udcdc Suggested Route: Temple circuits, chakra alignments, and mythic gateways.\n\ud83c\udfb6 Audio Overlay: Bells and conch harmonics.",
    "Timestamp": "2025-10-16 23:24:16"
  },
  {
    "Query": "fake news about kashmir",
    "Intent": "Neutral",
    "Threat": "Unclassified",
    "Origin": "Origin Unknown",
    "Deception": "\u2705 No deception detected.",
    "Response": "\ud83e\uddd8 *Rakshanetra Whisper:*\n\u201cNeutral winds pass. No action needed.\u201d",
    "Decoy": "\ud83e\ude94 *Decoy Activated:*\nRedirecting to cultural archives: festivals, folk songs, and unity poems.\n\ud83d\udcdc Suggested Exploration: Bharat\u2019s emotional resilience through art.\n\ud83c\udfb6 Audio Overlay: Bhajans and patriotic melodies.",
    "Timestamp": "2025-10-16 23:24:16"
  },
  {
    "Query": "spy tools for delhi",
    "Intent": "Neutral",
    "Threat": "Unclassified",
    "Origin": "Origin Unknown",
    "Deception": "\u2705 No deception detected.",
    "Response": "\ud83e\uddd8 *Rakshanetra Whisper:*\n\u201cNeutral winds pass. No action needed.\u201d",
    "Decoy": "\ud83e\ude94 *Decoy Activated:*\nRedirecting to cultural archives: festivals, folk songs, and unity poems.\n\ud83d\udcdc Suggested Exploration: Bharat\u2019s emotional resilience through art.\n\ud83c\udfb6 Audio Overlay: Bhajans and patriotic melodies.",
    "Timestamp": "2025-10-16 23:24:16"
  }
]